-- MySQL dump 10.13  Distrib 5.7.17, for Linux (x86_64)
--
-- Host: 127.0.0.1    Database: templateDB2
-- ------------------------------------------------------
-- Server version	5.7.20-0ubuntu0.17.04.1

/*!40101 SET @OLD_CHARACTER_SET_CLIENT=@@CHARACTER_SET_CLIENT */;
/*!40101 SET @OLD_CHARACTER_SET_RESULTS=@@CHARACTER_SET_RESULTS */;
/*!40101 SET @OLD_COLLATION_CONNECTION=@@COLLATION_CONNECTION */;
/*!40101 SET NAMES utf8 */;
/*!40103 SET @OLD_TIME_ZONE=@@TIME_ZONE */;
/*!40103 SET TIME_ZONE='+00:00' */;
/*!40014 SET @OLD_UNIQUE_CHECKS=@@UNIQUE_CHECKS, UNIQUE_CHECKS=0 */;
/*!40014 SET @OLD_FOREIGN_KEY_CHECKS=@@FOREIGN_KEY_CHECKS, FOREIGN_KEY_CHECKS=0 */;
/*!40101 SET @OLD_SQL_MODE=@@SQL_MODE, SQL_MODE='NO_AUTO_VALUE_ON_ZERO' */;
/*!40111 SET @OLD_SQL_NOTES=@@SQL_NOTES, SQL_NOTES=0 */;

--
-- Table structure for table `ads`
--

DROP TABLE IF EXISTS `ads`;
/*!40101 SET @saved_cs_client     = @@character_set_client */;
/*!40101 SET character_set_client = utf8 */;
CREATE TABLE `ads` (
  `id` int(11) NOT NULL AUTO_INCREMENT,
  `templates_id` int(10) DEFAULT NULL,
  `users_id` int(11) DEFAULT NULL,
  `name` varchar(45) CHARACTER SET utf8 DEFAULT NULL,
  `brand` varchar(45) CHARACTER SET utf8 DEFAULT NULL,
  `data` text,
  `created_at` datetime DEFAULT NULL,
  `updated_at` datetime DEFAULT NULL,
  PRIMARY KEY (`id`)
) ENGINE=InnoDB AUTO_INCREMENT=11 DEFAULT CHARSET=latin1;
/*!40101 SET character_set_client = @saved_cs_client */;

--
-- Dumping data for table `ads`
--

LOCK TABLES `ads` WRITE;
/*!40000 ALTER TABLE `ads` DISABLE KEYS */;
INSERT INTO `ads` VALUES (1,74,2,'dantri ads','Dân Trí ','{title:\"Title Demo\", items:[{title:\"Item Title 1\",domain:\"sponsor.com\",image:\"http://via.placeholder.com/140x140\",link:\"http://via.placeholder.com/140x140\",content:\"Item Content 1\"},{title:\"Item Title 2\",domain:\"sponsor.com\",image:\"http://via.placeholder.com/140x140\",link:\"http://via.placeholder.com/140x140\",content:\"Item Content 2\"},{title:\"Item Title 3\",domain:\"sponsor.com\",image:\"http://via.placeholder.com/140x140\",link:\"http://via.placeholder.com/140x140\",content:\"Item Content 3\"},], sponsor:\"dantri.com\",}','2018-02-26 00:00:00','2018-02-26 00:00:00'),(2,74,2,'test add ads',NULL,'{\"title\":\"anime banzai\",\"items\":[{\"title\":\"Item Title 1\",\"domain\":\"sponsor.com\",\"image\":\"http://via.placeholder.com/140x140\",\"link\":\"http://via.placeholder.com/140x140\",\"content\":\"Item Content 1\"},{\"title\":\"Item Title 2\",\"domain\":\"sponsor.com\",\"image\":\"http://via.placeholder.com/140x140\",\"link\":\"http://via.placeholder.com/140x140\",\"content\":\"Item Content 2\"},{\"title\":\"Item Title 3\",\"domain\":\"sponsor.com\",\"image\":\"http://via.placeholder.com/140x140\",\"link\":\"http://via.placeholder.com/140x140\",\"content\":\"Item Content 3\"},{\"title\":\"Item Title 4\",\"domain\":\"sponsor.com\",\"image\":\"http://via.placeholder.com/140x140\",\"link\":\"http://via.placeholder.com/140x140\",\"content\":\"Item Content 4\"},{\"title\":\"Item Title 5\",\"domain\":\"sponsor.com\",\"image\":\"http://via.placeholder.com/140x140\",\"link\":\"http://via.placeholder.com/140x140\",\"content\":\"Item Content 5\"}],\"sponsor\":\"dantri.com\"}','2018-02-27 11:32:04','2018-02-27 11:32:04'),(4,74,2,'test add ads tap 3','dantri','{\"title\":\"dantri\",\"items\":[{\"title\":\"Item Title 1\",\"domain\":\"sponsor.com\",\"image\":\"http://via.placeholder.com/140x140\",\"link\":\"http://via.placeholder.com/140x140\",\"content\":\"dantri\"},{\"title\":\"Item Title 2\",\"domain\":\"sponsor.com\",\"image\":\"http://via.placeholder.com/140x140\",\"link\":\"http://via.placeholder.com/140x140\",\"content\":\"Item Content 2\"},{\"title\":\"Item Title 3\",\"domain\":\"sponsor.com\",\"image\":\"http://via.placeholder.com/140x140\",\"link\":\"http://via.placeholder.com/140x140\",\"content\":\"Item Content 3\"},{\"title\":\"Item Title 4\",\"domain\":\"sponsor.com\",\"image\":\"http://via.placeholder.com/140x140\",\"link\":\"http://via.placeholder.com/140x140\",\"content\":\"Item Content 4\"},{\"title\":\"Item Title 5\",\"domain\":\"sponsor.com\",\"image\":\"http://via.placeholder.com/140x140\",\"link\":\"http://via.placeholder.com/140x140\",\"content\":\"Item Content 5\"}],\"sponsor\":\"dantri.com\"}','2018-02-27 14:17:41','2018-02-27 14:17:41'),(6,77,2,'test ads form 4','anime','{\"title\":\"test anime 77\",\"items\":[{\"title\":\"toradora\",\"domain\":\"sponsor.com\",\"image\":\"http://via.placeholder.com/140x140\",\"link\":\"http://via.placeholder.com/140x140\",\"content\":\"taiga is best wifu ever\"},{\"title\":\"kimi no nawa\",\"domain\":\"sponsor.com\",\"image\":\"http://via.placeholder.com/140x140\",\"link\":\"http://via.placeholder.com/140x140\",\"content\":\"Item Content 2\"},{\"title\":\"violet evregraden\",\"domain\":\"sponsor.com\",\"image\":\"http://via.placeholder.com/140x140\",\"link\":\"http://via.placeholder.com/140x140\",\"content\":\"Item Content 3\"}],\"sponsor\":\"dantri.com\"}','2018-02-28 10:01:55','2018-02-28 10:01:55'),(7,85,2,'ads form 1','anime','{\"items\":[{\"title\":\"Item Title 1\",\"domain\":\"sponsor.com\",\"image\":\"http://via.placeholder.com/140x140\",\"link\":\"http://via.placeholder.com/140x140\",\"content\":\"Toradora&nbsp;\"},{\"title\":\"Item Title 2\",\"domain\":\"sponsor.com\",\"image\":\"http://via.placeholder.com/140x140\",\"link\":\"http://via.placeholder.com/140x140\",\"content\":\"baka to test\"},{\"title\":\"Item Title 3\",\"domain\":\"sponsor.com\",\"image\":\"http://via.placeholder.com/140x140\",\"link\":\"http://via.placeholder.com/140x140\",\"content\":\"content 3\"}]}','2018-02-28 11:12:27','2018-02-28 11:12:27'),(8,84,2,'ads form 2','japan-anime','{\"items\":[{\"title\":\"Anime banzai\",\"domain\":\"anime.com.vn\",\"image\":\"http://via.placeholder.com/140x140\",\"link\":\"http://via.placeholder.com/140x140\",\"content\":\"taiga is best girl ever\"},{\"title\":\"manga munber one\",\"domain\":\"mangafox.com\",\"image\":\"http://via.placeholder.com/140x140\",\"link\":\"http://via.placeholder.com/140x140\",\"content\":\"doc manga con hay hon xem anime co\"},{\"title\":\"jav - japan anti viruts\",\"domain\":\"anime.com\",\"image\":\"http://via.placeholder.com/140x140\",\"link\":\"http://via.placeholder.com/140x140\",\"content\":\"Item Content 3\"}]}','2018-02-28 11:18:31','2018-02-28 11:18:59'),(9,74,5,'test clone ads','anime la so 1','{\"title\":\"anime laf so 1\",\"items\":[{\"title\":\"Item Title 1\",\"domain\":\"sponsor.com\",\"image\":\"https://i2.wp.com/cotvn.net/wp-content/uploads/2017/05/800950.png?resize=696%2C435\",\"link\":\"http://dantri.com\",\"content\":\"violet\"},{\"title\":\"Item Title 2\",\"domain\":\"sponsor.com\",\"image\":\"https://encrypted-tbn0.gstatic.com/images?q=tbn:ANd9GcTu5w9CHrgFllqZ4Ak0cWmW7jaNt1CHAlreRToBMNCQYnkLf9ybAw\",\"link\":\"http://blogtruyen.com\",\"content\":\"Aisaka Taiga\"},{\"title\":\"Item Title 3\",\"domain\":\"sponsor.com\",\"image\":\"https://gentlemanotoku.files.wordpress.com/2012/08/117.jpg\",\"link\":\"https://youtube.com\",\"content\":\"Chii\"}],\"sponsor\":\"dantri.com\"}','2018-03-01 10:38:34','2018-03-01 10:44:49'),(10,77,5,'test add ads 1','manga','{\"title\":\"test anime 77\",\"items\":[{\"title\":\"toradora\",\"domain\":\"sponsor.com\",\"image\":\"http://via.placeholder.com/140x140\",\"link\":\"http://via.placeholder.com/140x140\",\"content\":\"taiga is best wifu ever\"},{\"title\":\"kimi no nawa\",\"domain\":\"sponsor.com\",\"image\":\"http://via.placeholder.com/140x140\",\"link\":\"http://via.placeholder.com/140x140\",\"content\":\"Item Content 2\"},{\"title\":\"violet evregraden\",\"domain\":\"sponsor.com\",\"image\":\"http://via.placeholder.com/140x140\",\"link\":\"http://via.placeholder.com/140x140\",\"content\":\"Item Content 3\"}],\"sponsor\":\"anime.com.vn\"}','2018-03-01 13:54:31','2018-03-01 17:46:37');
/*!40000 ALTER TABLE `ads` ENABLE KEYS */;
UNLOCK TABLES;

--
-- Table structure for table `images`
--

DROP TABLE IF EXISTS `images`;
/*!40101 SET @saved_cs_client     = @@character_set_client */;
/*!40101 SET character_set_client = utf8 */;
CREATE TABLE `images` (
  `id` int(10) unsigned NOT NULL AUTO_INCREMENT,
  `name` varchar(255) COLLATE utf8_unicode_ci NOT NULL,
  `created_at` timestamp NULL DEFAULT NULL,
  `updated_at` timestamp NULL DEFAULT NULL,
  PRIMARY KEY (`id`)
) ENGINE=InnoDB AUTO_INCREMENT=4 DEFAULT CHARSET=utf8 COLLATE=utf8_unicode_ci;
/*!40101 SET character_set_client = @saved_cs_client */;

--
-- Dumping data for table `images`
--

LOCK TABLES `images` WRITE;
/*!40000 ALTER TABLE `images` DISABLE KEYS */;
INSERT INTO `images` VALUES (1,'https://dantricdn.com/2018/u23-vietnam-u23-qatar-1516750413019.jpg',NULL,NULL),(2,'http://f.imgs.vietnamnet.vn/2018/01/23/18/truyen-thong-thai-lan-choang-vang-khi-u23-viet-nam-vao-chung-ket.jpg',NULL,NULL),(3,'https://dantricdn.com/zoom/327_245/2018/1/29/park-hang-seo5-1517195319097266989536.jpg',NULL,NULL);
/*!40000 ALTER TABLE `images` ENABLE KEYS */;
UNLOCK TABLES;

--
-- Table structure for table `templates`
--

DROP TABLE IF EXISTS `templates`;
/*!40101 SET @saved_cs_client     = @@character_set_client */;
/*!40101 SET character_set_client = utf8 */;
CREATE TABLE `templates` (
  `id` int(10) NOT NULL AUTO_INCREMENT,
  `user_id` int(10) DEFAULT NULL,
  `name` varchar(255) COLLATE utf8_unicode_ci DEFAULT NULL,
  `config` text COLLATE utf8_unicode_ci,
  `data` text COLLATE utf8_unicode_ci,
  `id_Image` int(10) unsigned DEFAULT NULL,
  `created_at` timestamp NULL DEFAULT NULL,
  `updated_at` timestamp NULL DEFAULT NULL,
  `active` tinyint(1) DEFAULT NULL,
  `template` text COLLATE utf8_unicode_ci,
  PRIMARY KEY (`id`),
  KEY `fk_templates_userId_idx` (`user_id`),
  CONSTRAINT `fk_templates_userId` FOREIGN KEY (`user_id`) REFERENCES `users` (`id`) ON DELETE NO ACTION ON UPDATE NO ACTION
) ENGINE=InnoDB AUTO_INCREMENT=86 DEFAULT CHARSET=utf8 COLLATE=utf8_unicode_ci;
/*!40101 SET character_set_client = @saved_cs_client */;

--
-- Dumping data for table `templates`
--

LOCK TABLES `templates` WRITE;
/*!40000 ALTER TABLE `templates` DISABLE KEYS */;
INSERT INTO `templates` VALUES (74,5,'test 1','<div style=\"border: 1px solid rgb(205, 205, 205); min-width: 100px; width: 300px; height: auto;\"><medium style=\"color:#000000;font-size:20px;background-color:#1af05f;padding:5px 5px 5px 10px;\" name=\"title\" v-model=\"title\" v-validate=\"{required:true,max:40}\"></medium> <div class=\"itemClass\" v-for=\"item in items\"><span :title=\"item.content\" target=\"_blank\"><img :src=\"item.image\" style=\"width:90px;height:90px;\" align=\"left\"><medium name=\"content\" v-model=\"item.content\" v-validate=\"{max:100}\" style=\"margin-left: 10px;display: inline-block;\"></medium></span></div> <div style=\"padding:5px 5px 5px 10px\"><medium style=\"color:#16f242;font-weight:bold;float:left\" name=\"sponsor\" v-model=\"sponsor\" v-validate=\"{required:true,max:20}\"></medium><span> &ensp;tài trợ thông tin</span></div></div>','{title:\"Title Demo\", items:[{title:\"Item Title 1\",domain:\"sponsor.com\",image:\"http://via.placeholder.com/140x140\",link:\"http://via.placeholder.com/140x140\",content:\"Item Content 1\"},{title:\"Item Title 2\",domain:\"sponsor.com\",image:\"http://via.placeholder.com/140x140\",link:\"http://via.placeholder.com/140x140\",content:\"Item Content 2\"},{title:\"Item Title 3\",domain:\"sponsor.com\",image:\"http://via.placeholder.com/140x140\",link:\"http://via.placeholder.com/140x140\",content:\"Item Content 3\"},{title:\"Item Title 4\",domain:\"sponsor.com\",image:\"http://via.placeholder.com/140x140\",link:\"http://via.placeholder.com/140x140\",content:\"Item Content 4\"},{title:\"Item Title 5\",domain:\"sponsor.com\",image:\"http://via.placeholder.com/140x140\",link:\"http://via.placeholder.com/140x140\",content:\"Item Content 5\"},], sponsor:\"dantri.com\",}',NULL,'2018-02-02 09:10:22','2018-02-02 09:10:22',1,'<div style=\"border: 1px solid rgb(205, 205, 205); min-width: 100px; width: 300px; height: auto;\"><div style=\"color:#000000;font-size:20px;background-color:#1af05f;padding:5px 5px 5px 10px;\" name=\"title\">{{title}}</div> <div class=\"itemClass\" v-for=\"item in items\"><a :href=\"item.link\" :title=\"item.content\" target=\"_blank\"><img :src=\"item.image\" style=\"width:90px;height:90px;\" align=\"left\"><div name=\"content\" style=\"padding-left: 10px\">{{item.content}}</div></a></div> <div style=\"padding:5px 5px 5px 10px\"><div style=\"color:#16f242;font-weight:bold;float:left\" name=\"sponsor\">{{sponsor}}</div><span> &ensp;tài trợ thông tin</span></div></div>'),(75,5,'test 100','<div style=\"border: 1px solid rgb(205, 205, 205); min-width: 100px; width: 300px; height: auto;\"><medium style=\"color:#000000;font-size:10px;background-color:#ffffff;padding:5px 5px 5px 10px;\" name=\"title\" v-model=\"title\" v-validate=\"{required:false,max:40}\"></medium> <div class=\"itemClass\" v-for=\"(item,index) in items\" v-if=\"index==0\"><a :href=\"item.link\" target=\"_blank\"><img :src=\"item.image\" style=\"width:140px;height:140px;\" align=\"top\" :title=\"item.content\"></a><a :href=\"item.link\" :title=\"item.title\" target=\"_blank\" style=\"margin-top: 10px;margin-bottom: 10px\"><medium name=\"Item Title\" v-model=\"item.title\" style=\"font-weight: bold; padding-left: 0px\" ></medium></a><medium name=\"content\" v-model=\"item.content\" v-validate=\"{max:100}\" style=\"padding-left: 0px\"></medium></div><div class=\"itemClass\" v-for=\"(item,index) in items\" v-if=\"index!=0\"><a :href=\"item.link\" :title=\"item.title\" target=\"_blank\" style=\"margin-top: 10px;margin-bottom: 10px\"><medium name=\"Item Title\" v-model=\"item.title\" style=\"font-weight: bold; padding-left: 0px\" ></medium></a></div></div>','{title:\"Title Demo\", items:[{title:\"Item Title 1\",domain:\"sponsor.com\",image:\"http://via.placeholder.com/140x140\",link:\"http://via.placeholder.com/140x140\",content:\"Item Content 1\"},],}',NULL,'2018-02-09 02:57:47','2018-02-09 02:57:47',1,'<div style=\"border: 1px solid rgb(205, 205, 205); min-width: 100px; width: 300px; height: auto;\"><div style=\"color:#000000;font-size:10px;background-color:#ffffff;padding:5px 5px 5px 10px;\" name=\"title\">{{title}}</div> <div class=\"itemClass\" v-for=\"(item,index) in items\" v-if=\"index==0\"><a :href=\"item.link\" target=\"_blank\"><img :src=\"item.image\" style=\"width:140px;height:140px;\" align=\"top\" :title=\"item.content\"></a><a :href=\"item.link\" :title=\"item.title\" target=\"_blank\" style=\"margin-top: 10px;margin-bottom: 10px\"><div name=\"Item Title\" style=\"font-weight: bold; padding-left: 0px\" >{{item.title}}</div></a><div name=\"content\" style=\"padding-left: 0px\">{{item.content}}</div></div><div class=\"itemClass\" v-for=\"(item,index) in items\" v-if=\"index!=0\"><a :href=\"item.link\" :title=\"item.title\" target=\"_blank\" style=\"margin-top: 10px;margin-bottom: 10px\"><div name=\"Item Title\" style=\"font-weight: bold; padding-left: 0px\" >{{item.title}}</div></a></div></div>'),(77,5,'test change length','<div style=\"border: 1px solid rgb(205, 205, 205); min-width: 100px; width: 160px; height: auto;\"><medium style=\"color:#000000;font-size:21px;background-color:#ffffff;padding:5px 5px 5px 10px;\" name=\"title\" v-model=\"title\" v-validate=\"{required:true,max:20}\"></medium> <div class=\"itemClass\" v-for=\"(item,index) in items\" v-if=\"index==0\"><span target=\"_blank\"><img :src=\"item.image\" style=\"width:140px;height:140px;\" align=\"top\" :title=\"item.content\"></span><span :title=\"item.title\" target=\"_blank\" style=\"margin-top: 10px;margin-bottom: 10px\"><medium name=\"Item Title\" v-model=\"item.title\" style=\"font-weight: bold; padding-left: 0px\" ></medium></span><medium name=\"content\" v-model=\"item.content\" v-validate=\"{max:100}\" style=\"padding-left: 0px\"></medium></div><div class=\"itemClass\" v-for=\"(item,index) in items\" v-if=\"index!=0\"><span :title=\"item.title\" target=\"_blank\" style=\"margin-top: 10px;margin-bottom: 10px\"><medium name=\"Item Title\" v-model=\"item.title\" style=\"font-weight: bold; padding-left: 0px\" ></medium></span></div> <div style=\"padding:5px 5px 5px 10px\"><medium style=\"color:#000000;font-weight:bold;float:left\" name=\"sponsor\" v-model=\"sponsor\" v-validate=\"{required:true,max:15}\"></medium><span> &ensp;tài trợ thông tin</span></div></div>','{title:\"Title Demo\", items:[{title:\"Item Title 1\",domain:\"sponsor.com\",image:\"http://via.placeholder.com/140x140\",link:\"http://via.placeholder.com/140x140\",content:\"Item Content 1\"},{title:\"Item Title 2\",domain:\"sponsor.com\",image:\"http://via.placeholder.com/140x140\",link:\"http://via.placeholder.com/140x140\",content:\"Item Content 2\"},{title:\"Item Title 3\",domain:\"sponsor.com\",image:\"http://via.placeholder.com/140x140\",link:\"http://via.placeholder.com/140x140\",content:\"Item Content 3\"},], sponsor:\"dantri.com\",}',NULL,'2018-02-23 02:59:57','2018-02-23 02:59:57',1,'<div style=\"border: 1px solid rgb(205, 205, 205); min-width: 100px; width: 160px; height: auto;\"><div style=\"color:#000000;font-size:21px;background-color:#ffffff;padding:5px 5px 5px 10px;\" name=\"title\">{{title}}</div> <div class=\"itemClass\" v-for=\"(item,index) in items\" v-if=\"index==0\"><a :href=\"item.link\" target=\"_blank\"><img :src=\"item.image\" style=\"width:140px;height:140px;\" align=\"top\" :title=\"item.content\"></a><a :href=\"item.link\" :title=\"item.title\" target=\"_blank\" style=\"margin-top: 10px;margin-bottom: 10px\"><div name=\"Item Title\" style=\"font-weight: bold; padding-left: 0px\" >{{item.title}}</div></a><div name=\"content\" style=\"padding-left: 0px\">{{item.content}}</div></div><div class=\"itemClass\" v-for=\"(item,index) in items\" v-if=\"index!=0\"><a :href=\"item.link\" :title=\"item.title\" target=\"_blank\" style=\"margin-top: 10px;margin-bottom: 10px\"><div name=\"Item Title\" style=\"font-weight: bold; padding-left: 0px\" >{{item.title}}</div></a></div> <div style=\"padding:5px 5px 5px 10px\"><div style=\"color:#000000;font-weight:bold;float:left\" name=\"sponsor\">{{sponsor}}</div><span> &ensp;tài trợ thông tin</span></div></div>'),(78,5,'test length 2','<div style=\"border: 1px solid rgb(205, 205, 205); min-width: 100px; width: 300px; height: auto;\"><medium style=\"color:#000000;font-size:10px;background-color:#ffffff;padding:5px 5px 5px 10px;\" name=\"title\" v-model=\"title\" v-validate=\"{required:false,max:10}\"></medium> <div class=\"itemClass\" v-for=\"item in items\"><a :href=\"item.link\" :title=\"item.content\" target=\"_blank\"><img :src=\"item.image\" style=\"width:90px;height:90px;\" align=\"left\"><medium name=\"content\" v-model=\"item.content\" v-validate=\"{max:20}\" style=\"padding-left: 10px\"></medium></a></div> <div style=\"padding:5px 5px 5px 10px\"><medium style=\"color:#000000;font-weight:bold;float:left\" name=\"sponsor\" v-model=\"sponsor\" v-validate=\"{required:true,max:20}\"></medium><span> &ensp;tài trợ thông tin</span></div></div>','{title:\"Title Demo\", items:[{title:\"Item Title 1\",domain:\"sponsor.com\",image:\"http://via.placeholder.com/140x140\",link:\"http://via.placeholder.com/140x140\",content:\"Item Content 1\"},{title:\"Item Title 2\",domain:\"sponsor.com\",image:\"http://via.placeholder.com/140x140\",link:\"http://via.placeholder.com/140x140\",content:\"Item Content 2\"},{title:\"Item Title 3\",domain:\"sponsor.com\",image:\"http://via.placeholder.com/140x140\",link:\"http://via.placeholder.com/140x140\",content:\"Item Content 3\"},], sponsor:\"dantri.com\",}',NULL,'2018-02-23 03:28:14','2018-02-23 03:28:14',1,'<div style=\"border: 1px solid rgb(205, 205, 205); min-width: 100px; width: 300px; height: auto;\"><div style=\"color:#000000;font-size:10px;background-color:#ffffff;padding:5px 5px 5px 10px;\" name=\"title\">{{title}}</div> <div class=\"itemClass\" v-for=\"item in items\"><a :href=\"item.link\" :title=\"item.content\" target=\"_blank\"><img :src=\"item.image\" style=\"width:90px;height:90px;\" align=\"left\"><div name=\"content\" style=\"padding-left: 10px\">{{item.content}}</div></a></div> <div style=\"padding:5px 5px 5px 10px\"><div style=\"color:#000000;font-weight:bold;float:left\" name=\"sponsor\">{{sponsor}}</div><span> &ensp;tài trợ thông tin</span></div></div>'),(81,5,'test form 3','<div style=\"border: 1px solid rgb(205, 205, 205); min-width: 100px; width: 160px; height: auto;\"><div class=\"itemClass\" v-for=\"item in items\"><span :title=\"item.title\" target=\"_blank\"><medium name=\"Item Title\" v-model=\"item.title\" style=\"font-weight: bold; padding-left: 0px\" ></medium></span><span target=\"_blank\" :title=\"item.domain\"><medium name=\"Item Sponsor\" v-model=\"item.domain\" style=\"padding-left: 0px;color: #b0b0b0;padding-bottom: 5px\"></medium></span><span target=\"_blank\"><img :src=\"item.image\" style=\"width:140px;height:140px;\" align=\"top\" :title=\"item.content\"><medium name=\"content\" v-model=\"item.content\" v-validate=\"{max:100}\" style=\"padding-left: 0px\"></medium></span></div></div>','{items:[{title:\"Item Title 1\",domain:\"sponsor.com\",image:\"http://via.placeholder.com/140x140\",link:\"http://via.placeholder.com/140x140\",content:\"Item Content 1\"},{title:\"Item Title 2\",domain:\"sponsor.com\",image:\"http://via.placeholder.com/140x140\",link:\"http://via.placeholder.com/140x140\",content:\"Item Content 2\"},{title:\"Item Title 3\",domain:\"sponsor.com\",image:\"http://via.placeholder.com/140x140\",link:\"http://via.placeholder.com/140x140\",content:\"Item Content 3\"},],}',NULL,'2018-02-28 03:36:07','2018-02-28 03:36:07',1,'<div style=\"border: 1px solid rgb(205, 205, 205); min-width: 100px; width: 160px; height: auto;\"><div class=\"itemClass\" v-for=\"item in items\"><a :href=\"item.link\" :title=\"item.title\" target=\"_blank\"><div name=\"Item Title\" style=\"font-weight: bold; padding-left: 0px\" >{{item.title}}</div></a><a :href=\"item.link\" target=\"_blank\" :title=\"item.domain\"><div name=\"Item Sponsor\" style=\"padding-left: 0px;color: #b0b0b0;padding-bottom: 5px\">{{item.domain}}</div></a><a :href=\"item.link\" target=\"_blank\"><img :src=\"item.image\" style=\"width:140px;height:140px;\" align=\"top\" :title=\"item.content\"><div name=\"content\" style=\"padding-left: 0px\">{{item.content}}</div></a></div></div>'),(83,5,'test form 4','<div style=\"border: 1px solid rgb(205, 205, 205); min-width: 100px; width: 160px; height: auto;\"><div class=\"itemClass\" v-for=\"(item,index) in items\" v-if=\"index==0\"><span target=\"_blank\"><img :src=\"item.image\" style=\"width:140px;height:140px;\" align=\"top\" :title=\"item.content\"></span><span :title=\"item.title\" target=\"_blank\"><medium name=\"Item Title\" v-model=\"item.title\" style=\"font-weight: bold; padding-left: 0px; margin-top: 10px;margin-bottom: 10px;\" ></medium></span><medium name=\"content\" v-model=\"item.content\" v-validate=\"{max:100}\" style=\"padding-left: 0px\"></medium></div><div class=\"itemClass\" v-for=\"(item,index) in items\" v-if=\"index!=0\"><span :title=\"item.title\" target=\"_blank\"><medium name=\"Item Title\" v-model=\"item.title\" style=\"font-weight: bold; padding-left: 0px;margin-top: 10px;margin-bottom: 10px;\" ></medium></span></div></div>','{items:[{title:\"Item Title 1\",domain:\"sponsor.com\",image:\"http://via.placeholder.com/140x140\",link:\"http://via.placeholder.com/140x140\",content:\"Item Content 1\"},{title:\"Item Title 2\",domain:\"sponsor.com\",image:\"http://via.placeholder.com/140x140\",link:\"http://via.placeholder.com/140x140\",content:\"Item Content 2\"},{title:\"Item Title 3\",domain:\"sponsor.com\",image:\"http://via.placeholder.com/140x140\",link:\"http://via.placeholder.com/140x140\",content:\"Item Content 3\"},{title:\"Item Title 4\",domain:\"sponsor.com\",image:\"http://via.placeholder.com/140x140\",link:\"http://via.placeholder.com/140x140\",content:\"Item Content 4\"},],}',NULL,'2018-02-28 03:42:24','2018-02-28 03:42:24',1,'<div style=\"border: 1px solid rgb(205, 205, 205); min-width: 100px; width: 160px; height: auto;\"><div class=\"itemClass\" v-for=\"(item,index) in items\" v-if=\"index==0\"><a :href=\"item.link\" target=\"_blank\"><img :src=\"item.image\" style=\"width:140px;height:140px;\" align=\"top\" :title=\"item.content\"></a><a :href=\"item.link\" :title=\"item.title\" target=\"_blank\"><div name=\"Item Title\" style=\"font-weight: bold; padding-left: 0px;margin-top: 10px;margin-bottom: 10px;\" >{{item.title}}</div></a><div name=\"content\" style=\"padding-left: 0px\">{{item.content}}</div></div><div class=\"itemClass\" v-for=\"(item,index) in items\" v-if=\"index!=0\"><a :href=\"item.link\" :title=\"item.title\" target=\"_blank\"><div name=\"Item Title\" style=\"font-weight: bold; padding-left: 0px;margin-top: 10px;margin-bottom: 10px;\" >{{item.title}}</div></a></div></div>'),(84,5,'test form 2','<div style=\"border: 1px solid rgb(205, 205, 205); min-width: 100px; width: 300px; height: auto;\"><div class=\"itemClass\" v-for=\"item in items\"><span :title=\"item.title\" target=\"_blank\"><medium name=\"Item Title\" v-model=\"item.title\" style=\"font-weight: bold; padding-left: 0px\" ></medium></span><span target=\"_blank\" :title=\"item.domain\"><medium name=\"Item Sponsor\" v-model=\"item.domain\" style=\"padding-left: 0px;color: #b0b0b0\"></medium></span><span target=\"_blank\"><img :src=\"item.image\" style=\"width:90px;height:90px;\" align=\"left\" :title=\"item.content\"><medium name=\"content\" v-model=\"item.content\" v-validate=\"{max:100}\" style=\"padding-left: 10px;display: flex;\"></medium></span></div></div>','{items:[{title:\"Item Title 1\",domain:\"sponsor.com\",image:\"http://via.placeholder.com/140x140\",link:\"http://via.placeholder.com/140x140\",content:\"Item Content 1\"},{title:\"Item Title 2\",domain:\"sponsor.com\",image:\"http://via.placeholder.com/140x140\",link:\"http://via.placeholder.com/140x140\",content:\"Item Content 2\"},{title:\"Item Title 3\",domain:\"sponsor.com\",image:\"http://via.placeholder.com/140x140\",link:\"http://via.placeholder.com/140x140\",content:\"Item Content 3\"},],}',NULL,'2018-02-28 03:55:44','2018-02-28 03:55:44',1,'<div style=\"border: 1px solid rgb(205, 205, 205); min-width: 100px; width: 300px; height: auto;\"><div class=\"itemClass\" v-for=\"item in items\"><a :href=\"item.link\" :title=\"item.title\" target=\"_blank\"><div name=\"Item Title\" style=\"font-weight: bold; padding-left: 0px\" >{{item.title}}</div></a><a :href=\"item.link\" target=\"_blank\" :title=\"item.domain\"><div name=\"Item Sponsor\" style=\"padding-left: 0px;color: #b0b0b0\">{{item.domain}}</div></a><a :href=\"item.link\" target=\"_blank\"><img :src=\"item.image\" style=\"width:90px;height:90px;\" align=\"left\" :title=\"item.content\"><div name=\"content\" style=\"padding-left: 10px;display: flex;\">{{item.content}}</div></a></div></div>'),(85,5,'test form 1','<div style=\"border: 1px solid rgb(205, 205, 205); min-width: 100px; width: 300px; height: auto;\"><div class=\"itemClass\" v-for=\"item in items\"><span :title=\"item.content\" target=\"_blank\"><img :src=\"item.image\" style=\"width:90px;height:90px;\" align=\"left\"><medium name=\"content\" v-model=\"item.content\" v-validate=\"{max:100}\" style=\"padding-left: 10px;display: flex;\"></medium></span></div></div>','{items:[{title:\"Item Title 1\",domain:\"sponsor.com\",image:\"http://via.placeholder.com/140x140\",link:\"http://via.placeholder.com/140x140\",content:\"Item Content 1\"},{title:\"Item Title 2\",domain:\"sponsor.com\",image:\"http://via.placeholder.com/140x140\",link:\"http://via.placeholder.com/140x140\",content:\"Item Content 2\"},{title:\"Item Title 3\",domain:\"sponsor.com\",image:\"http://via.placeholder.com/140x140\",link:\"http://via.placeholder.com/140x140\",content:\"Item Content 3\"},],}',NULL,'2018-02-28 04:01:11','2018-02-28 04:01:11',1,'<div style=\"border: 1px solid rgb(205, 205, 205); min-width: 100px; width: 300px; height: auto;\"><div class=\"itemClass\" v-for=\"item in items\"><a :href=\"item.link\" :title=\"item.content\" target=\"_blank\"><img :src=\"item.image\" style=\"width:90px;height:90px;\" align=\"left\"><div name=\"content\" style=\"padding-left: 10px;display: flex;\">{{item.content}}</div></a></div></div>');
/*!40000 ALTER TABLE `templates` ENABLE KEYS */;
UNLOCK TABLES;

--
-- Table structure for table `users`
--

DROP TABLE IF EXISTS `users`;
/*!40101 SET @saved_cs_client     = @@character_set_client */;
/*!40101 SET character_set_client = utf8 */;
CREATE TABLE `users` (
  `id` int(11) NOT NULL AUTO_INCREMENT,
  `name` varchar(255) COLLATE utf8_unicode_ci NOT NULL,
  `email` varchar(255) COLLATE utf8_unicode_ci NOT NULL,
  `password` varchar(255) COLLATE utf8_unicode_ci NOT NULL,
  `level` int(11) NOT NULL DEFAULT '0',
  `role` varchar(255) COLLATE utf8_unicode_ci DEFAULT NULL,
  `active` tinyint(1) DEFAULT '0',
  `remember_token` varchar(100) COLLATE utf8_unicode_ci DEFAULT NULL,
  `created_at` timestamp NULL DEFAULT NULL,
  `updated_at` timestamp NULL DEFAULT NULL,
  PRIMARY KEY (`id`)
) ENGINE=InnoDB AUTO_INCREMENT=7 DEFAULT CHARSET=utf8 COLLATE=utf8_unicode_ci;
/*!40101 SET character_set_client = @saved_cs_client */;

--
-- Dumping data for table `users`
--

LOCK TABLES `users` WRITE;
/*!40000 ALTER TABLE `users` DISABLE KEYS */;
INSERT INTO `users` VALUES (2,'kenlyzin','minhngocvu1612@gmail.com','$2y$10$d/52UR7go0b9Lwe4xhbS0OWDsscn3FQ.3g/gQKZxNc6YGk9HwYSuG',1,NULL,1,'ksJqicKKdm1JQv9CKSq5FyiEUHwHqSgSsKq6EeAk5hQbl8MkmboVi6F9qTok','2017-12-27 07:57:32','2018-02-01 01:21:55'),(5,'admin','admin@gmail.com','$2y$10$XH3q25bCUPu58OVbDuwgGu9t5JJF66HYsvdmpm/8oi/e3JhdCYc9m',1,NULL,1,'bGtGQGtU9gtvZj3WJpnWWhPcZ9zvEk193oO3DSt3cssZIdj4D9Q1DUmCKD9z','2018-02-01 00:58:08','2018-02-01 01:22:11'),(6,'testManage','test@gmail.com','$2y$10$k4K49BTaCbKuSo3TEFM7G.RuzOA853lJKb2Il0.b/LFJpWbsKPnv.',0,NULL,1,NULL,'2018-03-01 03:54:15','2018-03-01 11:16:59');
/*!40000 ALTER TABLE `users` ENABLE KEYS */;
UNLOCK TABLES;
/*!40103 SET TIME_ZONE=@OLD_TIME_ZONE */;

/*!40101 SET SQL_MODE=@OLD_SQL_MODE */;
/*!40014 SET FOREIGN_KEY_CHECKS=@OLD_FOREIGN_KEY_CHECKS */;
/*!40014 SET UNIQUE_CHECKS=@OLD_UNIQUE_CHECKS */;
/*!40101 SET CHARACTER_SET_CLIENT=@OLD_CHARACTER_SET_CLIENT */;
/*!40101 SET CHARACTER_SET_RESULTS=@OLD_CHARACTER_SET_RESULTS */;
/*!40101 SET COLLATION_CONNECTION=@OLD_COLLATION_CONNECTION */;
/*!40111 SET SQL_NOTES=@OLD_SQL_NOTES */;

-- Dump completed on 2018-03-01 18:38:08
